{"cameraMode":{"drawMode":0,"name":"Shaded","section":"Shading Mode"},"sceneLighting":false,"audioPlay":false,"sceneViewState":{"m_AlwaysRefresh":false,"showFog":true,"showSkybox":false,"showFlares":true,"showImageEffects":true,"showParticleSystems":true,"showVisualEffectGraphs":true,"m_FxEnabled":true},"in2DMode":false,"pivot":{"x":-233.56065368652345,"y":217.10308837890626,"z":14.855916023254395},"rotation":{"x":-0.2889338433742523,"y":-0.010868108831346035,"z":0.0012468273052945734,"w":-0.9573158025741577},"size":8.898380279541016,"orthographic":false}